ID,10_ hsa-let-7g,14_ hsa-mir-100,24_ hsa-mir-106b,109_ hsa-mir-1271,166_ hsa-mir-1307,174_ hsa-mir-133a-1,178_ hsa-mir-1343,211_ hsa-mir-1538,233_ hsa-mir-186,328_ hsa-mir-27a,489_ hsa-mir-335,504_ hsa-mir-3605,506_ hsa-mir-3607,1388_ hsa-mir-589,1665_ hsa-mir-6842,1701_ hsa-mir-6874,1864_ hsa-mir-937,1881_ hsa-mir-99b,Relapse
TARGET-20-PASRTP,0.400807471,2.004150362,-0.368734975,-0.40703466,-1.154047827,-0.686778055,-1.117485342,-0.543993571,-1.4776957,-0.368126385,-0.921840135,-0.629499713,-1.479390507,1.254314782,-0.812224057,-0.287119303,-1.739214476,0.701480414,1
TARGET-20-PASEFD,1.32444216,-0.423778138,-0.749647584,-1.305042463,-0.408867413,0.420893802,0.443315381,-0.096949443,0.572811262,-0.365948314,-1.220056691,0.482209983,-1.104633211,-0.896669221,0.456843688,-1.158652023,-1.871196609,-0.835189524,1
TARGET-20-PATIAK,0.828792043,-0.342150435,-0.446043482,0.295505142,-0.405522267,0.500316109,0.241751261,-0.153198827,-0.384971636,0.233021311,-0.143689621,0.416777391,-1.452477177,0.690191695,-0.524054834,-0.795049733,-0.783857574,1.165325589,1
TARGET-20-PANLRE,0.380507807,-0.889253277,-1.315729859,0.447254929,0.226415124,2.128301492,1.227615543,1.732349284,-0.772054306,1.552932559,1.152270375,2.403841683,-1.750058178,-1.272751279,2.020907744,-0.628995263,-0.787490109,-1.439591274,1
TARGET-20-PATDHA,0.70953152,-0.889253277,-1.130903481,-0.453057746,-0.184250713,2.108932992,-0.885424915,-0.524311061,0.016747215,0.020659353,0.124843589,1.867187044,-0.332127831,-0.758815252,-1.186612806,-0.124663209,-1.218551019,-1.754783883,1
TARGET-20-PARBRA,1.220406384,-0.751226192,-0.186242957,-1.105760271,0.366124154,0.102516935,-0.507401769,1.094792599,1.189748522,-0.044682788,0.051752339,0.808299015,-0.684339799,0.12157616,1.862783555,-0.116513945,-0.479935416,-0.778771912,1
TARGET-20-PARJWH,0.447327533,-0.889253277,-0.625171275,0.177213172,-0.310579159,1.276431351,0.027932451,-0.719216609,-0.776378632,-0.698975426,-1.056213132,3.39668345,-0.755551852,-1.496475179,0.019469538,-1.158652023,0.287740473,-0.040468407,1
TARGET-20-PATDNN,-0.083001176,-0.889253277,-0.614460683,2.292416349,3.655091154,1.433900687,-0.53871931,-1.486758076,-0.441631403,-0.500226414,1.597520567,-0.797292503,4.021892163,2.041134924,2.217902295,-1.158652023,-1.56243107,-1.880632035,1
TARGET-20-PASYJI,1.106220777,0.195682968,-0.896506284,0.368145779,-0.499087962,0.507421712,0.183541483,0.13931707,-0.354146949,0.923469934,0.864693011,-0.001669015,-1.280776317,0.254295903,0.26271211,-0.346673938,-0.753586442,1.109162302,1
TARGET-20-PASPYR,0.071783758,-0.382019319,0.945029043,-0.572702899,0.536037882,1.854277342,-0.760835567,0.007718341,0.947475353,-0.091511322,-1.245803536,0.518953489,-0.531249352,-2.094163269,0.183980359,-1.158652023,0.703060394,-0.506348176,1
TARGET-20-PAPBEJ,-2.526573168,-0.008296169,2.505411318,-0.611305784,1.232418522,0.041775488,3.199854719,0.557606207,0.879505809,1.202263069,1.169293082,-0.57060271,0.238311029,-1.330703856,0.723650729,0.497356909,2.001086503,0.750098747,1
TARGET-20-PANYCG,-2.825147385,-0.889253277,-0.819815696,-0.493207126,2.489307853,1.295685243,1.771885474,-1.486758076,-2.156836735,-1.709709443,0.929911259,0.040290689,1.914485606,-0.60568696,0.563214139,3.318907049,0.114589602,-0.205567279,1
TARGET-20-PASWAT,0.505689066,-0.132764125,-0.879959792,-1.305042463,0.30591153,0.660650607,0.535140455,-1.486758076,-0.375214182,0.245000704,0.797134141,-0.234349764,0.067674329,1.084243544,0.476774383,0.22310925,-0.656718822,-1.462438076,1
TARGET-20-PASFEW,-0.319830583,-0.889253277,2.042727455,1.787872472,0.436568988,-1.088244637,-0.084019249,-0.179843272,-0.508824785,1.115140214,1.160462553,2.137738918,-0.182526837,-1.028169586,0.753271486,1.054046846,0.934331837,-1.145253259,1
TARGET-20-PARUTH,1.221252204,1.151619532,-1.208006015,-0.083534747,-0.510304039,0.118561845,0.035123571,0.395161042,-1.673510079,1.270872317,0.104841908,0.256839581,0.282857231,0.134155014,1.483219432,0.683474593,-1.075671279,0.936136988,1
TARGET-20-PANLXM,-0.504219193,2.559080729,2.231741949,-0.242719605,-0.31992589,-0.900404578,-1.166125398,0.975131346,0.248154128,1.830636658,0.058561422,-0.406852473,-1.120236756,-0.229155657,0.600763128,0.300141712,0.951283671,0.853439196,1
TARGET-20-PATHAE,0.188506824,-0.833564552,1.581416745,-0.687522691,0.471594632,-1.559621186,-1.380701617,0.461724405,0.254363417,0.546663588,-0.171138737,0.274712727,-0.245262738,0.319821463,0.098641747,0.366273211,0.353126117,-1.042039972,1
TARGET-20-PARWDZ,-0.963499079,-0.767174775,0.842591838,-1.213301129,1.118683566,-0.635090522,0.399062334,1.00234879,0.240059875,0.541218409,-0.04506431,-0.091080771,0.818030348,0.360574382,0.555616249,0.33382735,0.581975869,-1.383979023,1
TARGET-20-PASWAT,-0.453470034,0.667394379,-0.774295678,-1.305042463,1.34054544,1.252478591,1.360119379,-1.486758076,-0.719829746,-1.114660346,1.552197608,-0.797292503,1.990337888,1.523861649,-0.036688774,2.152761072,-1.524894867,-2.470579686,1
TARGET-20-PARLHW,0.361053963,1.454781658,0.048978131,-1.036710772,-1.326617994,-0.661564624,-1.002806123,0.601631616,-0.667161666,0.56626623,0.187933998,-0.404298071,-0.946556065,-0.205859107,-0.369894761,0.638116912,-0.580435571,0.856279151,0
TARGET-20-PASGZK,0.606341564,-0.753837084,-0.381024693,-0.366216124,-1.388699964,-0.34868887,1.26003941,-1.023307082,-0.733024486,-0.766604542,-0.417542427,-0.797292503,0.08759638,-0.72139958,-0.600914642,-0.424931057,0.72969899,1.346955542,0
TARGET-20-PASNKC,0.77127633,0.803088655,0.158967677,-0.219447834,0.365238674,-2.108127912,0.350171227,0.586256148,0.090371647,0.131740993,0.344542907,0.86782503,0.753314616,-0.842246425,0.856008163,-0.366601079,1.992610586,-0.74668466,0
TARGET-20-PASRUJ,-0.170120565,1.754956965,-0.832380045,-0.500865249,-0.060381932,-0.273392397,-0.921891128,-0.561737434,-0.343945974,-1.779843341,-0.929606745,-0.490902286,-0.160996173,1.174734278,-0.74934877,-0.835871646,-0.421814844,0.752302891,1
TARGET-20-PASJXN,-0.324905499,-0.665071914,0.80757644,0.394019824,0.27954391,-0.375736004,0.01733725,-0.087494962,1.452867162,-0.995846553,-0.771401958,0.685258129,0.798974473,-0.567565332,0.55792865,0.41420116,1.2116154,-0.207940972,0
TARGET-20-PANUUA,1.183190335,1.992769552,-1.265197833,0.739378844,-0.536671658,-0.286113719,-0.681052428,-0.079568479,-0.335851722,0.400732806,-0.038574402,-0.428975286,-1.155923213,0.799293998,0.432948877,-0.432702339,-0.895255337,1.264808786,1
TARGET-20-PARBEL,0.534446922,-0.431713807,-0.619747321,-0.034240231,-0.868824956,0.048422665,-0.755133732,-1.142624536,-0.990377358,0.129562921,-0.389561352,-0.520872407,0.202921547,-1.77391592,-0.43409142,-0.178245749,1.049362136,1.133111175,0
TARGET-20-PARWCG,0.949744204,-0.207795078,0.469025597,1.254554872,-0.608395519,-1.111280544,2.376024672,0.808961689,-0.038249348,1.197906926,-0.021658087,3.702061112,-0.862772084,-0.239488287,-0.161338205,0.842075284,0.843518443,1.205296895,0
TARGET-20-PAPWFN,0.299309153,-0.710080186,2.465315254,2.193529913,0.433027069,-0.401637074,0.065292235,0.82739315,0.522804306,-0.014189789,0.700530276,2.041315979,-0.019438243,-0.876389028,0.298719499,0.450184921,1.683845047,0.898539376,0
TARGET-20-PATAKC,-1.026935528,0.099692786,-0.425446189,-1.081157623,-0.493184763,-0.328288912,-0.555569509,1.310240154,-0.374992421,-0.355057957,-1.298361145,-0.139238545,0.049732109,-1.212295768,-0.333777258,-0.507043578,-0.508995702,-0.011433047,0
TARGET-20-PARZWH,1.406486633,-0.651610629,-1.29032653,-1.305042463,0.076473884,-0.225486878,-0.123889542,-1.486758076,-0.563821349,0.209062526,1.101946996,0.133721985,-0.747088073,-0.683149596,0.319751337,0.06683692,-0.720893621,1.54651536,0
TARGET-20-PANUTB,-0.356200813,1.162742857,0.742832281,0.672091457,-0.523094302,-0.05300409,-0.821768609,0.401846028,-0.655741009,2.176950005,0.293474785,-0.524247593,-0.086628764,0.745384625,-0.270791857,0.750301576,0.588030096,1.287189327,1
TARGET-20-PARCVP,-0.322368041,-0.487340735,-0.088680445,0.241823933,-1.04060803,0.757378496,0.157244961,-0.741420313,-0.47955242,0.241733597,-0.967269485,0.473618599,-0.784321273,-0.014994253,-0.028099856,0.782959107,1.136542994,0.091017268,0
TARGET-20-PARYGA,-1.052310107,-0.799210984,0.682619528,-1.175040257,-0.302216294,0.69858536,-0.622587345,1.596739563,0.55152227,0.789518545,-0.299128218,-0.337277608,0.765441082,-0.109913257,0.62619954,-0.073968441,0.400349082,0.099240421,0
TARGET-20-PASFIT,0.4633981,-0.665875265,-0.332003135,1.410617,0.173975045,0.120395549,-0.205247068,0.876957548,-0.043349836,0.026104532,-0.15358407,1.456564933,1.196301844,-1.503085495,-1.306307091,-0.502825314,0.97186804,-0.873253398,0
TARGET-20-PASYWV,0.403344929,-0.889253277,0.403320232,0.202046307,-0.408867413,0.97260951,-0.027171103,-0.155395322,0.63701088,-0.034881467,-1.166222379,0.380877681,0.093907092,-1.20189896,-1.026616673,0.028963257,0.204192151,-0.505076555,0
TARGET-20-PAPZXN,-0.393416863,-0.889253277,-0.465473595,0.881165637,-0.617643863,-0.082801781,1.541471771,0.669627476,-0.218429623,-0.325653994,0.159740139,1.635756648,0.459680904,-1.403417332,0.309070247,-0.043140337,0.626777144,0.919436358,1
TARGET-20-PARMME,-0.105838297,2.405105061,0.056805103,0.550156303,-1.292281056,0.014728353,1.706016515,-0.671867807,-1.184972055,0.1197616,-0.851195899,-0.593991218,-0.50523932,-0.923944797,0.1812275,0.936570453,-1.005442254,1.063044825,0
TARGET-20-PATJPY,-0.612484065,0.350328096,1.959789021,3.068042893,0.882850789,-0.449427986,1.035880705,0.568015686,0.84047599,-0.173188998,0.750321696,0.048728655,1.496988705,-0.675704968,0.020240338,0.19594,1.715327024,-0.676787859,0
TARGET-20-PASAYA,-0.294456004,0.287862382,0.724775321,-0.073051298,-0.229902114,0.725861708,-0.721646089,-0.419929777,0.313795188,-0.573409612,-1.382729939,-0.449563923,-0.175968646,-0.515388759,-1.311152122,-0.789153235,-0.671248965,-0.557340203,0
TARGET-20-PASXIS,-0.185345312,-0.889253277,-0.107286666,-0.588814697,0.116517247,0.05220468,-0.119634442,-1.486758076,1.239644598,-1.242404231,-0.055277934,-0.797292503,-0.392141464,-0.322277682,-1.104907967,-0.456258095,0.844729289,1.116537707,0
TARGET-20-PAPWHS,0.872774647,-0.571012864,-1.245493089,0.323684058,0.129504284,0.319581653,-0.882701651,1.698064854,0.152797183,1.84261605,0.157399517,-0.797292503,-0.451783878,-0.563137062,1.529247225,-0.224314034,-0.705152632,-1.00524772,0
TARGET-20-PATDRL,1.2254813,3.553382467,2.17866959,-0.595119636,-1.44241907,-1.444212437,0.826019139,-0.417542281,1.092950134,-0.52636327,-0.398072705,0.061539021,-1.063291861,-0.523410988,-1.052713771,-0.698982165,0.32164414,-0.974050604,1
TARGET-20-PASLTF,1.288917749,-0.685644917,-0.749990872,0.300709691,0.288989028,1.075296937,-0.064573439,0.247995846,0.095804776,-0.598021818,0.63924853,-0.256196425,1.552547718,-1.348160224,-0.597170755,-0.560868027,0.980343957,0.75166708,0
TARGET-20-PATFRY,0.490464318,-0.889253277,0.595904923,-0.943928529,0.476809124,0.801043574,-0.391152418,-0.399970318,1.496664829,-1.632279006,-0.239761526,-0.146487525,-0.043567436,-0.292178282,0.344967521,0.124078314,1.000928326,-0.211331963,0
TARGET-20-PANDDC,-2.101126054,-0.889253277,-0.182192156,-1.305042463,0.164923474,-2.562542699,-0.861851657,-1.486758076,-2.083988464,1.325324101,0.909803186,-0.797292503,1.733578531,-0.025647772,0.268217827,0.068061578,1.509483331,-0.498379348,0
TARGET-20-PANDER,0.940440192,-0.889253277,-1.10673599,0.636849224,-0.558021559,0.490345343,-0.534549311,-0.589709326,-0.497515008,1.132564785,1.192273738,2.068394179,-0.714148632,0.47250051,-0.403920091,-0.65076695,-0.762062359,-2.212779599,1
TARGET-20-PATJIC,0.965814771,-0.889253277,0.056049869,1.355077024,-0.951272961,-0.634288276,-0.472850351,0.233861875,-0.760855409,0.551019731,0.621906646,-0.797292503,0.479355476,-1.203760117,-1.351586107,0.056933827,0.29621639,-1.40364677,0
TARGET-20-PAPVET,1.1028375,-0.135905435,-0.766331391,-0.025318146,-1.11557865,-0.771816081,-1.348916014,0.918213463,-0.351929346,0.766648796,-1.013656363,-0.657038166,-0.124121817,0.089551425,-0.489368818,-0.6368875,0.517801071,0.359710913,0
TARGET-20-PATKMB,0.29085096,1.427230828,0.168511089,-1.085276652,-0.427265714,-1.35332948,-1.107460325,-0.595553914,0.891813508,-1.386265845,-0.282850254,-0.570556685,-0.821653465,0.731907281,-1.242110432,0.252274239,0.896795634,0.721614423,1
TARGET-20-PARTWN,1.161199032,2.286095774,-0.110032972,1.960960911,-0.041491697,-0.408971891,-1.283272576,0.074663703,-0.147022794,-0.498919571,-0.635220298,-0.329230856,0.73673353,0.959096784,-0.86408791,-0.432777936,0.644939822,0.781804512,0
TARGET-20-PATEMK,0.896457588,1.512149181,-0.987958266,-0.3425726,-1.025358101,-0.414816822,-0.71662507,-0.471213171,0.435098092,-0.809185837,-0.949608426,-0.797292503,-0.434212876,1.0855271,-0.610824932,-1.158652023,0.757548431,0.780660053,0
TARGET-20-PASELF,1.049550883,0.089959876,0.055637923,1.076261884,-0.41860769,0.071114753,-0.280307044,-0.468252677,1.002028396,-0.6066252,-0.765656794,-0.190978618,-0.593020085,0.205777467,-1.141355813,-0.206685015,0.603771084,0.817664242,0
TARGET-20-PARYHR,-0.307989113,1.495515689,-0.588988697,-0.252236495,-0.730001407,-0.251502555,-1.426716276,0.466785894,-1.040716955,0.900600185,-0.802362007,-0.797292503,-0.301316708,-0.58592019,0.285065321,-0.398200263,-0.131211983,0.769342621,1
TARGET-20-PASJEJ,0.67231547,-0.287203265,-1.016588504,-0.172978644,0.378914417,2.669129582,0.423103653,0.980670334,-0.493190681,0.047885245,0.784686286,0.926123705,1.029996024,-0.456216804,0.553964534,-0.100548042,-0.258350735,-0.627872815,0
TARGET-20-PATGRP,0.288313502,0.335291007,-0.286139829,0.826815272,-0.457076866,-0.480944775,-0.079508842,0.246658848,0.438091857,0.401821842,-0.242634108,-0.122730815,0.009269309,0.790309103,0.169995838,-0.394102953,0.718801383,0.93092334,1
TARGET-20-PARGTL,0.928598722,-0.496764664,-0.593932047,-0.854484632,-0.203534494,1.001490349,-0.807939531,-0.624337555,-0.603516449,0.910401506,0.986086194,-0.466808057,0.453493931,-1.402518843,-0.066089303,-0.242441987,-0.146952972,-1.028560783,0
TARGET-20-PARNJC,0.172436257,-0.889253277,-0.439864294,0.870607837,-0.052412614,0.329093992,-1.039140428,0.635820546,-0.073176602,0.728532547,0.667442389,1.468531503,0.483191399,-2.418068755,-1.215132419,-0.860077529,0.629198834,-1.406868212,0
TARGET-20-PARENB,0.846554248,-0.889253277,-0.586036418,1.298421788,-0.231279527,0.210590868,0.982138783,0.271011298,-0.662726459,1.120585393,0.853521859,-0.797292503,0.115808975,-1.679574516,0.005925474,0.266471193,-0.310417081,-1.305901456,0
TARGET-20-PASZNB,-0.730898769,-0.510663672,0.718733448,0.208812221,1.430667602,0.30720415,0.923205639,1.502290258,1.133975797,0.316877059,-0.349238813,1.684543434,0.952535129,0.488801678,0.239588099,-0.722175059,0.746650823,-0.026862055,0
TARGET-20-PATEEA,-0.792643578,-0.688297006,0.364116717,0.611421283,-0.015025691,-1.239639828,-1.022507239,1.643247968,0.802000571,0.036994888,-0.1834802,-0.797292503,0.12805918,0.341321035,0.54724756,-0.568654428,1.636622083,-0.511900924,1
TARGET-20-PANFMG,0.838941875,-0.720178724,0.234559743,-1.305042463,0.898297491,0.760702085,-0.341750698,0.103791143,0.960448332,-0.242887282,0.780749785,-0.797292503,-0.383603442,-0.688347999,-0.219919033,-0.662257563,-0.420603998,-1.81599127,0
TARGET-20-PARAFA,-0.191266048,1.658245826,0.323059446,-1.122637881,-1.569239449,-0.915188817,-0.407194147,0.474330379,-0.337736684,-0.150319249,-0.711928874,-0.071458665,-0.415280741,0.14814578,-0.259780423,0.472258992,-0.676092346,-0.244945161,0
TARGET-20-PARCIN,0.342445938,2.198963055,-0.140722939,1.295076006,-1.669298662,-1.281012776,-0.90423246,0.738100835,-0.880162471,0.017392246,-1.774039426,-0.573862834,-0.609056718,-0.57115929,-0.818610688,-0.352041263,0.271999485,-0.482144978,0
TARGET-20-PARANT,1.49614348,0.418355473,-0.790224251,0.299966184,-1.267684396,0.331042303,0.604966657,-0.007943626,0.586006002,0.519437696,-0.73384561,3.198774793,-1.168594133,0.189861366,0.916460935,-0.448184428,-1.268195674,0.571139199,0
TARGET-20-PANKKE,1.378574596,0.46774098,-0.896368969,0.517218941,0.089362534,-0.403012352,-0.412342819,0.722725366,-0.382754033,1.198995962,-0.394668164,-0.797292503,-0.122018246,0.384063466,0.941236661,-0.279468974,-0.562272893,0.950845411,1
TARGET-20-PASTEI,0.183431908,-0.889253277,0.030783856,1.500135248,0.925747364,1.195977585,-0.873638286,0.213997916,0.558951241,1.3558171,0.705211521,-0.044349781,1.410371091,0.520826413,0.49064879,-1.158652023,0.861681122,0.935034916,0
TARGET-20-PASWNZ,0.173282076,0.985078625,0.784026868,-1.305042463,-1.667330929,-0.931577547,-0.912700111,0.155170037,0.714405238,-0.019634967,-0.235186673,0.129349585,-1.244260806,0.672863682,-0.555217192,-0.059635413,-0.392754558,0.347079472,0
TARGET-20-PAPZTC,0.662165638,2.07331067,0.732327662,1.650621073,-1.022209729,-0.984181932,-0.49518963,7.84E-05,-0.82738351,0.03154971,-1.295488563,2.205549482,-0.538661345,0.027491467,-1.128802778,-0.069795534,0.649783203,0.029004521,1
